2025-06-26T17:45:00.972127,uploaded,input.xlsx
2025-06-26T17:45:06.653326,uploaded,input.xlsx
2025-06-26T17:45:47.823189,uploaded,input.xlsx
2025-06-26T17:47:26.566825,uploaded,input.xlsx
2025-06-26T17:51:44.173340,uploaded,input.xlsx
2025-06-26T17:53:40.238662,uploaded,input.xlsx
2025-06-26T17:56:27.875779,uploaded,input.xlsx
2025-06-26T18:19:00.506593,uploaded,input.xlsx
2025-06-26T18:28:50.621982,uploaded,input.xlsx
2025-06-26T18:41:18.204662,uploaded,input.xlsx
2025-06-26T18:48:44.334787,uploaded,input.xlsx
2025-06-26T18:52:14.829629,uploaded,input.xlsx
2025-06-26T18:53:31.790674,uploaded,input.xlsx
2025-06-26T18:55:50.088307,uploaded,input.xlsx
2025-06-26T19:04:41.869392,uploaded,input.xlsx
2025-06-26T19:08:44.625087,uploaded,input.xlsx
2025-06-26T19:10:10.202657,uploaded,input.xlsx
2025-06-26T19:10:11.832238,uploaded,input.xlsx
2025-06-26T19:13:47.333832,uploaded,input.xlsx
2025-06-26T19:17:25.817664,uploaded,input.xlsx
2025-06-26T19:21:23.418388,uploaded,input.xlsx
2025-06-26T19:30:12.115245,uploaded,input.xlsx
